ID,Standard name,alias,alias PMID,PMID used,Description
CNBD1470,ABP1,,,22562467,actin-binding protein homolog
CNBI2660,ACA1,,,15590822,adenylyl cyclase-associated protein
CNBJ2710,ACL1,,,23078142,ATP-citrate lyase
CNBG3200,ACO1,,,16524907,aconitate hydratase
CNBA4460,ACT1,,,17114598,actin
CNBC5870,ADA2,,,22174677,predicted saga histone acetyltransferase complex component
CNBJ2410,ADA3,,,20581290,predicted saga histone acetyltransferase complex component
CNBC2420,ADE12,,,19542307,adenylosuccinate synthetase
CNBE2520,ADE2,,,8406836,phosphoribosylaminoimidazole carboxylase
CNBA6900,AFR1,,,16428784,ATP-binding cassette transporter
CNBJ3030,AGO1,,,21067947,argonaute protein
CNBG0280,AGS1,,,17244196,"alpha-1,3-glucan synthase"
CNBK3150,ALG7,,,21602483,UDP-N-acetyl-glucosamine-1-p transferase
CNBN1590,ALO1,,,19542307,"d-arabinono-1,4-lactone oxidase"
CNBG3880,ALR2,,,19542307,putative metal ion transporter
CNBA2110,AMT1,,,18055915,low-affinity ammonium transporter
CNBJ1590,AMT2,,,18055915,ammonium transporter
CNBA1450,AOX1,,,14500501,altemrnative oxidase
CNBD0770,APG9,,,12455690,autophagy-related protein
CNBF0470,APP1,,,21971702,secreted antiphagocytic protein
CNBN1860,APT1,,,19949048,aminophospholipid translocase(flippase)
CNBD2320,APT2,,,19949048,aminophospholipid translocase (flippase)
CNBA3510,APT3,,,19949048,aminophospholipid translocase (flippase)
CNBI3300,APT4,,,19949048,aminophospholipid translocase (flippase)
CNBC4780,AQY1,,,19542307,aquaporin water channel
CNBH3780,ARF1,,,16775005,ADP-ribosylation factor
CNBG1540,ARF2,,,19542307,ADP-ribosylation factor
CNBC2880,ARG3,,,19151325,ornithine carbamoyltransferase
CNBA5830,ARG8,,,19151325,acetylornithine aminotransferase
CNBB0100,ATF1,,,16045626,activating transcription factor
CNBG0380,ATG2602,,,18854164,UDP-glucose sterol transferase
CNBH1800,ATM1,,,19542307,mitochondrial inner membrane ABC transporter
CNBF2430,ATP1,,,19542307,ATP synthase subunit alpha
CNBE1180,ATX1,,,16102007,putative copper ion transporter
CNBN0970,BAT2,,,18854164,branched-chain-amino-acid aminotransferase
CNBJ1620,BCK1,,,16194228,mitogen-activated protein (map) kinase kinase kinase
CNBK1170,BDF1,,,19542307,bromodomain transcription factor
CNBB0950,BIM1,,,20044015,microtubule binding protein
CNBN0740,BLP1,,,21402362,barwin-like protein domain
CNBN0750,BLP2,,,21402362,pr4/barwin domain protein
CNBM1910,BLP3,,,21402362,pr4/barwin domain protein
CNBC6500,BLP4,,,21402362,pr4/barwin domain protein
CNBL0380,BLP5,,,21402362,pr4/barwin domain protein
CNBB3590,BLP6,,,21402362,pr4/barwin domain protein
CNBC3200,BNA5,,,19151325,kynureninase
CNBC3210,BNA6,,,19151325,nicotinate-nucleotide pyrophosphorylase
CNBJ1070,BNI1,,,22562467,formin
CNBE4650,BNI4,,,18854164,putative scaffold protein
CNBA1000,BRE2,,,19542307,Set1/Ash2 histone methyltransferase complex subunit
CNBD0490,BSP1,,,12455690,protein of unknown function; encoded on mat locus
CNBD0560,BSP2,,,12455690,armadillo/beta-catenin repeat protein; encoded on mat locus
CNBD0690,BSP3,,,12455690,btp/pz domain protein
CNBI2390,BWC1,CWC1,15813738,15760278,white-collar transcription factor; blue-light photoresponsive gene
CNBE1170,BWC2,CWC2,15813738,15760278,"white-collar transcription factor, blue-light photoresponsive gene"
CNBM1240,BZP1,,,19151325,bZip domain protein
CNBG1080,CAC1,,,12455973,adenylate cyclase
CNBA6780,CAC2,,,23042129,chromatin assembly complex protein
CNBC2950,CAN1,,,16400172,beta-type carbonic anhydrase
CNBI2060,CAN2,,,16400172,beta-type carbonic anhydrase
CNBK2370,CAP10,,,10482503,capsule-associated protein
CNBD0460,CAP1alpha,,,12455690,O-glucosyltransferase
CNBD3540,CAP2,,,15728721,capsular related protein
CNBB3380,CAP4,,,17462022,"beta-1,2-xylosyltransferase"
CNBD2280,CAP5,,,15728721|17462022,"beta-1,2-xylosyltransferase"
CNBA6810,CAP59,,,8007987,"alpha-1,3-mannosyltransferase"
CNBM0260,CAP6,,,17462022,"alpha-1,3-mannosyltransferase"
CNBA5640,CAP60,,,9573112,capsule-associated protein
CNBC2180,CAP64,,,8675296,capsule-associated protein
CNBN1490,CAS1,,,11703667,O-acetyltransferase
CNBB4280,CAS3,,,15590825,capsule related protein
CNBA6610,CAS31,,,15590825,protein involved in gxm O-acetylation
CNBA1100,CAS32,,,15590825,capsule structure designer protein
CNBK2770,CAS33,,,15590825,capsular associated protein
CNBC5590,CAS34,,,15590825,putative capsule structure designer protein
CNBA7050,CAS35,,,15590825,capsular associated protein
CNBE4990,CAS4,,,17462022,putative sugar transporter
CNBB3790,CAS41,,,9806801,probable sugar phosphate/phosphate translocator; capsule biosynthetic protein
CNBB1560,CAS42,,,17462022,putative sugar transporter
CNBC0260,CAS9,,,17462022,maltose O-acetyltransferase
CNBI0890,CAS91,,,17462022,putative maltose o-acetyltransferase
CNBD6150,CAS92,,,17462022,putative O-acetyltransferase
CNBI0500,CAT1,,,16963629,catalase 1 similar to spore-specific catalases
CNBI3030,CAT2,,,16963629,catalase 2
CNBA5410,CAT3,,,16963629,catalase 3
CNBI0810,CAT4,,,16963629,catalase 4
CNBG4420,CBK1,,,16775005,serine/threonine kinase of the ram signaling pathway
CNBA7630,CBP1,,,10899116,calcineurin binding protein
CNBN1360,CCC2,,,16102007,Cu(+2)-transporting p-type ATPase
CNBD3030,CCH1,,,16950930,Ca(2+)-permeable channel
CNBA5210,CCK1,,,21926330,casein kinase i
CNBD2010,CCK2,,,21926330,casein kinase i
CNBD3710,CCP1,,,19542307,putative mitochondrial cytochrome c peroxidase
CNBG0960,CCR4,,,17646356,ccr4-not transcriptional regulatory complex component
CNBF2910,CDA1,,,17400891,chitin deactylase
CNBD2750,CDA3,,,17400891,chitin deacetylase
CNBD1490,CDC10,,,22466042,septin ring protein
CNBE3420,CDC11,,,22466042,septin
CNBC4800,CDC12,,,22466042,septin
CNBH3660,CDC24,,,17233829,guanine nucleotide exchange factor (GEF)
CNBA3830,CDC2801,,,18854164,cyclin-dependent kinase of PITSLRE subfamily
CNBF4190,CDC3,,,22466042,septin ring protein
CNBL0140,CDC42,,,20025659,rho-like GTPase
CNBF4550,CDC420,,,20025659,rho-like GTPase
CNBC3430,CDC43,,,24014765,geranylgeranyltransferase-I beta subunit
CNBA5650,CEL1,,,9573112,putative glycosyl hydrolase
CNBA7560,CFL1,,,22737071,hyphal flocculin
CNBM2260,CFO1,,,19542307,ferroxidase/laccase
CNBC1500,CFO2,,,19542307,ferroxidase
CNBM2270,CFT1,,,18282105,major iron permease
CNBC1490,CFT2,,,18282105,iron permease
CNBB3800,CFT3,,,18282105,iron permease
CNBG3060,CHI2,,,19734369,endochitinase
CNBK2660,CHI21,,,19734369,endochitinase
CNBH3680,CHI22,,,19734369,endochitinase
CNBE1950,CHI4,,,19734369,endochitinase
CNBG0440,CHO2,,,18854164,phosphatidylethanolamine N-methyltransferase
CNBG0070,CHS1,,,16278457,putative chitin synthase
CNBG2250,CHS2,,,16278457,putative chitin synthase
CNBL2270,CHS3,,,16278457,putative chitin synthase
CNBA5110,CHS4,,,16278457,putative chitin synthase
CNBF3100,CHS5,,,16278457,putative chitin synthase
CNBN2150,CHS6,,,16278457,putative chitin synthase
CNBE3240,CHS7,,,16278457,putative chitin synthase
CNBC7160,CHS8,,,16278457,putative chitin synthase
CNBK1280,CID14,,,23966870,TRAMP complex associated poly(a) polymerase
CNBD0540,CID1alpha,,,12455690,cid1-family polyA polymerase
CNBC5600,CIG1,,,15720553,cytokine inducing-glycoprotein
CNBG1130,CIN1,,,20345666,"intersectin, C-terminal rhoGEF"
CNBJ0600,CIR1,,,17121456,iron-responsive gata-type transcription factor
CNBA0490,CIT1,,,17114598,citrate synthase
CNBG4590,CKB1,,,20696827,casein kinase II beta chain
CNBK1640,CLC-A,,,14622414,putative voltage-gated chloride channel
CNBB4530,CLP1,,,17993575,clampless protein essential for dikaryotic filament formation
CNBG0630,CMT1,,,14504286,"alpha-1,3-mannosyltransferase"
CNBJ1250,CNA1,,,9184205,calcineurin a catalytic subunit
CNBD5950,CNB1,,,11251806,"calcineurin b, regulatory subunit"
CNBC5470,COQ2,,,19542307,4-hydroxybenzoate polyprenyl transferase
CNBB4430,CPA1,,,11415984,cyclophilin A
CNBB4490,CPA2,,,11415984,cyclophilin A
CNBE0270,CPK1,,,12828643,mitogen activated protein kinase
CNBC3030,CPL1,,,18854164,putative secreted protein
CNBB1500,CPR2,,,19322200,nonmating-type specific pheromone G-protein coupled receptor
CNBH2170,CPS1,,,16790766,polysaccharide synthase
CNBA1110,CRG1,,,15302835,regulator of G-protein signaling
CNBD1510,CRG2,,,18658258,regulator of G protein signaling
CNBC5110,CRG3,,,18658258,regulator of G protein signaling
CNBM1800,CRK1,,,21111055,protein kinase
CNBI3490,CRN1,,,22562467,"coronin, putative cortical actin cytoskeletal component"
CNBC5190,CSN1201,,,18854164,cop9 signalosome subunit 12
CNBG0550,CSN4,,,18854164,similar to cop9 signalosome subunit 4
CNBH3010,CSN7,,,18854164,similar to cop9 signalosome subunit 7
CNBF1390,CSR1,,,16278457,putative chitin synthase regulator
CNBE2700,CSR2,,,16278457,putative chitin synthase regulator
CNBB4940,CSR3,,,16278457,putative chitin synthase regulator
CNBJ2510,CTF4,,,19542307,chromosome transmission fidelity protein
CNBF4480,CTR2,,,20824073,putative copper ion transporter
CNBD5220,CTR4,,,17290306,copper uptake transporter
CNBG3160,CTS1,,,14555485,calcineurin temperature suppressor
CNBG2470,CUF1,MAC1,17112316,15334556,copper-sensing transcription factor
CNBG0430,CUL3,,,18854164,cullin subunit of scf-like ubiquitin ligase
CNBI2100,CXT1,,,17430900,"beta-1,2-xylosyltransferase"
CNBF1860,DAM1,,,19749173,pre-mRNA-splicing factor
CNBN1370,DAP2,,,21602483,putative dipeptidyl aminopeptidase
CNBD1130,DCN1,,,22719877,scaffold-type e3 ligase
CNBD1480,DHA1,,,11035725,delayed-type hypersensitivity antigen
CNBA5610,DIP5,,,20485569,amino acid transporter
CNBA7180,DOA4,,,18854164,ubiquitin carboxyl-terminal hydrolase
CNBA7230,DPH1,,,19151325,diphthamide biosynthesis protein
CNBD5720,DUR3,,,19542307,putative urea transporter
CNBC2400,EBG1,,,20485569,"endo-1,3(4)-beta-glucanase"
CNBL2380,ECA1,,,17502401,sarcoplasmic/endoplasmic reticulum Ca2+-ATPase
CNBD6000,ECM2201,,,18854164,Zn2-Cys6 zinc-finger transcription factor
CNBD3940,EF3,,,11244063,elongation factor 3
CNBA5840,EGCrP1,,,22072709,fungus-specific glucosylceramide
CNBK2550,ELP3,,,19542307,pol II transcription elongation factor
CNBA4950,ENA1,,,19542307,p-type ATPase sodium pump
CNBD0290,ERG1,,,19542307,squalene monooxygenase
CNBC1890,ERG10,,,17645443,acetyl-CoA C-acetyltransferase
CNBA0300,ERG11,,,17645443,lanosterol 14-alpha-demethylase
CNBG2100,ERG13,,,17645443,hydroxymethylglutaryl-CoA synthase
CNBC2090,ERG130,,,17645443,hydroxymethylglutaryl-CoA synthase
CNBA8120,ERG2,,,17645443,C-8 sterol isomerase
CNBE4510,ERG20,,,19542307,farnesyl pyrophosphate synthetase
CNBA1040,ERG24,,,17645443,C-14 sterol reductase
CNBC4830,ERG25,,,17645443,C-4 methyl sterol oxidase
CNBJ3060,ERG26,,,19542307,C-3 sterol dehydrogenase
CNBD3330,ERG27,,,19542307,3-keto sterol reductase
CNBC1010,ERG28,,,19542307,putative ER membrane protein
CNBA4830,ERG3,,,17645443,C-5 sterol desaturase
CNBC2700,ERG4,,,17645443,C-24(28) sterol reductase
CNBF1100,ERG5,,,17645443,C-22 sterol desaturase
CNBB2600,ERG6,,,17645443,sterol 24-C-methyltransferase
CNBD3820,ERG7,,,17645443,lanosterol synthase
CNBM0120,ERG8,,,19542307,phosphomevalonate kinase
CNBC3960,ESS1,,,15870468,peptidyl-prolyl cis-trans isomerase
CNBD0620,ETF1alpha,,,12455690,electron transfer flavoprotein alpha subunit
CNBE3160,EXG104,,,18854164,"glucan 1,3-beta-glucosidase"
CNBD0440,FAO1,,,12455690,putative fatty alcohol oxidase in the mating-type locus
CNBE4370,FAS1,,,17698629,fatty acid synthase beta subunit
CNBE4360,FAS2,,,17698629,fatty acid synthase complex protein
CNBI3290,FBP1,,,21478432,f-box protein of scf ubiquitin-ligase complex
CNBA5760,FCY1,,,22080454,cytosine deaminase
CNBC5330,FCY2,,,22080454,cytosine permease
CNBI0510,FCY3,,,22080454,putative cytosine-purine permease
CNBH3960,FCY4,,,22080454,cytosine permease
CNBC0030,FHB1,,,14614821,flavohemoglobin
CNBN2360,FKS1,,,9882657,"1,3-beta-glucan synthase component"
CNBB2340,FNX1,,,23028773,multidrug resistance transporter
CNBN0250,FPD1,,,17400891,polysaccharide deacetylase
CNBD3620,FPR3,,,21602483,peptidyl-prolyl cis-trans isomerase
CNBD0370,FRE2,,,19542307,ferric reductase transmembrane component
CNBB3920,FRR1,,,10330150,fk506-binding protein 
CNBE2090,FUR1,,,22080454,uracil phosphoribosyltransferase
CNBA1630,FYV10,,,18854164,putative fyv10 protein homolog
CNBM0540,GAL7,,,8577246,galactose-1-phosphate uridyl transferase
CNBA1750,GAT1,,,20673806,gata type zinc finger protein
CNBC0880,GAT201,,,18854164,gata family transcription factor
CNBB5300,GAT204,,,17661046,"gata transcription factor, capsule-independent antiphagocytic protein"
CNBC5530,GCN3,,,19542307,translation initiation factor eif-2b subunit alpha
CNBA3150,GCN5,,,20581290,saga complex histone acetyltransferase
CNBL2290,GCS1,,,16741577,ceramide glucosyltransferase
CNBI1140,GCS2,,,22412978,ADP-ribosylation factor GTPase-activating protein
CNBL1210,GIB2,,,16950773,G-protein beta-like rack1 protein homolog
CNBA4200,GLN1,,,17114598,glutamine synthetase
CNBI3610,GLO3,,,22412978,ADP-ribosylation factor GTPase-activating protein
CNBE1510,GLR1,,,16524907,glutathione oxidoreductase
CNBF3090,GMT1,,,17351078,GDP-mannose transporter
CNBG3190,GMT2,,,17351078,GDP-mannose transporter
CNBM1570,GNO1,,,14614821,alcohol dehydrogenase
CNBH0490,GPA1,,,8005675,guanine nucleotide-binding protein subunit alpha
CNBA1610,GPA2,,,17581859,heterotrimeric G-protein coupled receptor alpha subunit
CNBE4450,GPA3,,,17581859,heterotrimeric G-protein coupled receptor alpha subunit
CNBD2480,GPB1,,,10594037,G-protein beta subunit
CNBF1640,GPD,,,10352226,glyceraldehyde-3-phosphate dehydrogenase
CNBF1160,GPI8,,,15720553,GPI-anchor transamidase
CNBJ1860,GPR4,,,16291861,G-protein coupled receptor
CNBE0520,GPX2,,,19542307,glutathione peroxidase
CNBE3550,GRE2,,,19542307,D-lactaldehyde dehydrogenase
CNBC1590,GRX3,,,19542307,thioredoxin
CNBB1030,GRX5,,,19542307,glutathione-dependent oxidoreductase
CNBB4980,GSK3,,,19749173,similar to glycogen synthase kinase
CNBH2290,HAD1,,,22707485,3-hydroxyacyl-CoA dehydrogenase
CNBG0390,HAD2,,,22707485,3-hydroxyacyl-CoA dehydrogenase
CNBD0410,HAP1,,,21124817,Zn2-Cys6 transcription factor
CNBD3060,HAP2,,,21124817,CCAAT-binding transcription factor
CNBE3260,HAP3,,,21124817,CCAAT -binding transcription factor
CNBF3970,HAP5,,,21124817,CCAAT t-binding transcription factor
CNBD2730,HAPX,,,21124817,CCAAT -binding transcription factor
CNBG0250,HCM1,,,18854164,forkhead transcription factor
CNBB5660,HEM12,,,21124817,uroporphyrinogen decarboxylase
CNBE0930,HEM13,,,21124817,coproporphyrinogen-III oxidase
CNBF3010,HEM15,,,20488877,ferrochelatase
CNBC4970,HEM3,,,21124817,porphobilinogen deaminase
CNBK1040,HEM4,,,21124817,uroporphyrinogen-III synthase
CNBF1200,HEX1,,,19734369,beta-hexosaminidase
CNBH0910,HFM1,,,20485569,ATP-dependent DNA helicase
CNBH2820,HIRA,,,18854164,nucleosome assembly complex protein
CNBL1590,HIS3,,,8045413,imidazoleglycerol-phosphate dehydratase
CNBF0070,HMG1,,,17645443,hydroxymethylglutaryl-CoA reductase
CNBF3280,HOC1,,,22500028,"alpha 1,6-mannosyltransferase"
CNBD2980,HOC2,,,22500028,"alpha 1,6-mannosyltransferase"
CNBC0610,HOG1,,,15728721,mitogen-activated protein kinase
CNBL2100,HOS2,,,18854164,class II histone deacetylase 
CNBC3680,HOS4,,,18854164,"similar to Avo2, Tor2 kinase component"
CNBL1240,HRD1,,,18854164,e3 ubiquitin-protein ligase
CNBA7040,HRK1,,,18854164,serine/threonine-protein kinase
CNBB2560,HRT1,,,22719877,ubiquitin ligase complex ring-box protein
CNBF3780,HSE102,,,18854164,class e vacuolar protein-sorting machinery protein
CNBD0760,HSP12,,,12455690,"heat shock protein, 12Kda"
CNBE4500,HST302,,,18854164,histone deacetylase
CNBH1690,HSV2,,,18854164,WD40 protein related to 3-phosphorylated inositide-binding protein
CNBI1580,HUB1,,,22719877,ubiquitin-like protein
CNBL1350,HXK1,,,21652778,hexokinase
CNBB3020,HXK2,,,17041184,hexokinase
CNBG3300,HXT1,,,15907385,hexose transporter
CNBI3510,ICL1,,,12228298,isocitrate lyase
CNBA2380,IDI1,,,19542307,isopentenyl-diphosphate delta-isomerase
CNBB1650,IDP1,,,20400467,isocitrate dehydrogenase
CNBD0700,IKS1,,,12455690,serine/threonine-protein kinase
CNBA2410,ILV2,,,15133116,acetolactate synthase
CNBA4070,IMD1,,,23071437,inosine-5'-monophosphate dehydrogenase
CNBH0990,IPC1,,,11157776,inositol-phosphoryl ceramide synthase
CNBB4040,IRE1,,,21852949,"serine/threonine-protein kinase, unfolded protein response"
CNBE4040,ISA1,,,19542307,iron-sulfur cluster assembly protein
CNBA0850,ITR1,,,20689743,myo-inositol transporter
CNBG1790,ITR2,,,20689743,myo-inositol transporter
CNBG1790,ITR2A,,,20689743,myo-inositol transporter
CNBL0430,ITR3,,,20689743,myo-inositol transporter
CNBD6130,ITR3A,,,20689743,myo-inositol transporter
CNBJ0030,ITR3B2,,,20689743,myo-inositol transporter
CNBL0940,ITR3C,,,20689743,myo-inositol transporter
CNBL3060,ITR4,,,20689743,myo-inositol transporter
CNBB0670,ITR5,,,20689743,myo-inositol transporter
CNBB1750,ITR6,,,20689743,myo-inositol transporter
CNBL1880,JJJ1,,,18854164,DNAj-like cochaperone
CNBF3960,KAP123,,,19749173,importin beta-4 subunit
CNBF2450,KAR3,,,20044015,kinesin microtuble motor protein
CNBA3740,KIC1,,,16775005,ste/ste20/ysk protein kinase
CNBK0790,KIN1,,,18854164,serine/threonine protein kinase
CNBL2060,KIN4,,,20485569,serine/threonine protein kinase
CNBG3440,KIP1,,,19542307,kinesin-like protein
CNBB4240,KRE5,,,20384682,UDP-glucose:glycoprotein glucosyltransferase
CNBD5710,KRE6,,,20384682,putative beta-glucan synthase
CNBD0250,KRE61,,,20384682,putative beta-glucan synthase
CNBD0270,KRE62,,,20384682,putative beta-glucan synthase
CNBF3070,KRE64,,,20384682,putative beta-glucan synthase
CNBK1080,KSP1,,,18854164,serine/threonine protein kinase
CNBB2470,KTR3,,,22500028,"alpha 1,2-mannosyltransferase"
CNBG3540,LAC2,,,15643074|15643075,laccase
CNBA4140,LEU2,,,17114598,3-isopropylmalate dehydrogenase
CNBA4230,LIV1,,,18854164,virulence related protein of unknown function
CNBC1780,LIV10,,,18854164,virulence related protein of unknown function
CNBL0840,LIV11,,,18854164,virulence related protein of unknown function
CNBI1650,LIV12,,,18854164,eukaryotic translation initiation factor 3 subunit l
CNBC3460,LIV13,,,18854164,endoplasmic reticulum protein
CNBF4280,LIV15,,,18854164,translin domain protein
CNBF3270,LIV3,,,18854164,wor1/pac2 family transcription factor
CNBN0180,LIV4,,,20581290,putative myb-like mRNA polymerase I termination factor
CNBE1410,LIV5,,,18854164,protein of unknown function
CNBA1520,LIV6,,,23300468,putative endovacuolar system protein 
CNBN1810,LIV7,,,18854164,Golgi factor and virulence related protein
CNBC6040,LIV8,,,18854164,infection related protein of unknown function
CNBG0530,LIV9,,,18854164,infection related ring finger protein
CNBD0550,LPD1alpha,,,12455690,putative dihydrolipoyl dehydrogenase
CNBF1990,LRG1,,,16194228,rho GTPase-activating protein
CNBI2140,LRO1,,,22412978,phospholipid:diacylglycerol acyltransferase
CNBD3270,LSB1,,,18854164,bar-SH3 domain protein
CNBG4570,LYS2,,,19542307,L-aminoadipate-semialdehyde dehydrogenase
CNBA2210,LYS9,,,15189996,saccharopine dehydrogenase
CNBH2250,MAN1,,,11359567,mannose-6-phosphate isomerase
CNBB1590,MAP1,,,19542307,methionine aminopeptidase
CNBM1890,MAT2,,,20485569,hmg (high mobility group) box transcription factor
CNBD0710,MAT3,,,12455690,mat3 pheromone repeat protein
CNBJ2740,MBF1,,,16102007,multiprotein bridging factor
CNBB4890,MBS1,,,22080454,mbp1/swi4-like transcription factor
CNBA7570,MDR1,,,9409767,putative abc multidrug resistance transporter with similarity to Ste6
CNBJ1810,MEP1,,,23300468,metalloproteinase
CNBH3400,MET3,,,19542307,sulfate adenylyltransferase
CNBK1240,MET6,,,15347759,methionine synthase
CNBC2330,MET7,,,19542307,folylpolyglutamate synthetase
CNBF2170,MFE2,,,22707485,multifunctional beta-oxidation protein
CNBH1470,,MFE2,23078142,23078142,sterol-binding protein
CNBC0680,MGA2,,,15470254,transcription factor
CNBN0540,MIG1,,,21652778,zinc finger transcription factor
CNBE1890,MKK2,,,16194228,serine/threonine-protein kinase
CNBJ0840,MLN1,,,18854164,bHLH family transcription factor
CNBM2100,MLN2,,,18854164,nuclear distribution protein NudC homolog
CNBC5690,MLN4,,,18854164,protein of unknown function
CNBL2980,MLS1,,,17041184,malate synthase
CNBF3940,MMS2,,,18854164,ubiquitin-conjugating enzyme
CNBB5500,MNN2,,,22500028,"putative alpha-1,2-mannosyltransferase"
CNBF2860,MOB2,,,23055925,ram signaling network protein kinase activator
CNBA7360,MP88,,,12228274,immunoreactive mannoprotein
CNBD2840,MP98,,,17400891,chitin-deacetylase
CNBG4180,MPD1,,,11021946,mannitol-1-phosphate dehydrogenase
CNBH0400,MPK1,,,21926330,mitogen-activated protein kinase
CNBH2530,MPK2,,,15075272,mitogen-activated protein (map) kinase
CNBG1970,MSL1,,,23042129,putative histone acetyltransferase complex subunit
CNBF1110,MTD1,,,19542307,methylenetetrahydrofolate dehydrogenase [NAD(+)]
CNBD0610,MYO2alpha,,,12455690,myosin class v heavy chain
CNBA2600,NAB2,,,19542307,putative nuclear polyadenylated mRNA-binding protein
CNBD4990,NCP1,,,17645443,electron transporter
CNBA7480,NDH1,,,16775005,NADH dehydrogenase
CNBB1520,NEP1,,,22339665,"similar
to
Neprilysin
(neutral
endopeptidase)
"
CNBC5360,NHA1,,,19542307,Na+/H+ antiporter
CNBA4100,NHP6B01,,,18854164,nonhistone chromosomal protein
CNBE4210,NHP6B02,,,18854164,nonhistone chromosomal protein
CNBB4100,NIC1,,,23653445,putative nickel transporter
CNBD0720,NOG2,,,12455690,putative nucleolar gtp-binding protein
CNBI2700,NRG1,,,16835458,transcription factor
CNBE4060,NSR1,,,20696827,putative mRNA binding protein
CNBB2890,NTH1,,,16988267,putative trehalase
CNBB1680,NUP75,,,18854164,nuclear pore complex protein
CNBA7030,OCH1,,,15256547,"alpha 1,6-mannosyltransferase"
CNBA3810,OFD1,,,19749173,putative oxidoreductase
CNBG4430,OPS1,,,15760278,opsin-1
CNBA4360,OST2,,,21602483,ER oligosaccharyl transferase complex subunit
CNBN1480,OTU1,,,22719877,ubiquitin-specific protease
CNBK0070,OVA1,,,17367210,protein of unknown function
CNBB1200,PAB2,,,23966870,nuclear poly (A) binding protein
CNBF4570,PAK1,,,12455960,ste/ste20/paka protein kinase
CNBD3370,PAN1,,,18854164,Lag1 family transcription factor
CNBD0730,PAN6,,,12455690,pantoate-beta-alanine ligase
CNBA7290,PBS2,,,15728721,map kinase kinase 
CNBD3380,PBX1,,,17337638,parallel beta-helix repeat protein
CNBL2090,PBX2,,,17337638,parallel beta-helix repeat protein
CNBH3420,PCK1,,,21652778,phosphoenolpyruvate carboxykinase
CNBG2800,PCL103,,,18854164,cyclin
CNBI1430,PDE1,,,16339715,phosphodiesterase
CNBB4540,PDE2,,,16339715,phosphodiesterase
CNBC1920,PDK1,,,22339665,serine threonine protein kinase
CNBI0530,PDR16,,,22412978,phosphatidylinositol transfer protein
CNBD6120,PDR5,,,19542307,ATP-binding cassette transporter
CNBB0020,PDR5-2,,,19542307,ATP-binding cassette transporter
CNBN0760,PDR5-3,,,19542307,ATP-binding cassette transporter
CNBB1890,PDR802,,,18854164,Zn2-Cys6 zinc-finger transcription factor
CNBC7100,PER1,,,21602483,ER protein for association of GPI-anchored proteins with lipid rafts
CNBD0190,PEX1,,,17041184,AAA-peroxin
CNBK0870,PEX5,,,17041184,peroxisomal targeting signal (PTS1) receptor 
CNBH2980,PEX6,,,17041184,AAA-peroxin
CNBA4800,PEX7,,,17041184,peroxisomal signal (PTS2) receptor
CNBE3110,PFT1,,,20485569,protein farnesyltransferase alpha subunit
CNBC4630,PGU1,,,18854164,polygalacturonase
CNBC3220,PHO84,,,19542307,inorganic phosphate transporter
CNBK0270,PHY1,TCO3,16672377,15760278,two-component-like sensor kinase/putative phytochrome
CNBG4170,PIK1,,,20696827,1-phosphatidylinositol 4-kinase
CNBH2850,PKA2,,,14871933,protein kinase A (PKA) catalytic subunit
CNBC3910,PKC1,,,18689526,protein kinase C
CNBA0360,PKP1,,,19542307,pyruvate dehydrogenase kinase
CNBA5350,PKR1,,,11287622,camp dependent protein kinase regulatory subunit
CNBM0810,PLB1,,,11123698,phospholipase B
CNBC2360,PLC1,,,18532984,phosphatidylinositol phospholipase C
CNBC1400,PLC2,,,18532984,phosphatidylinositol-specific phospholipase C
CNBL1840,PLR1,,,19151325,putative pyridoxal reductase or aldo-keto reductase
CNBN1250,PMA1,,,11118522,plasma membrane H(+)-ATPase
CNBD2820,PMC1,,,21655435,putative calcium-transporting ATPase
CNBL0170,PMM1,,,20174553,putative phosphomannomutase
CNBI1970,PMR1,,,21655435,putative calcium-transporting ATPase
CNBD0260,PMT1,,,19633715|17142566,protein-O-mannosyltransferase
CNBJ1540,PMT2,,,19633715,dolichyl-phosphate-mannose-protein mannosyltransferase
CNBD5060,PMT4,,,17142566,O-mannosyltransferase
CNBJ0550,PNB1,,,20485569,para-nitrobenzyl esterase
CNBC5610,PNG1,,,21602483,peptide N-glycanase
CNBE3040,PPG1,,,16194228,type 2a-like serine/threonine-protein phosphatase
CNBA3770,PPH3,,,16194228,serine/threonine-protein phosphatase catalytic subunit
CNBF3640,PRM1,,,20485569,putative plasma membrane fusion protein
CNBI0580,PRO2,,,19151325,gamma-glutamyl phosphate reductase
CNBM0630,PTP1,,,24728196,protein tyrosine phosphatase
CNBI2170,PTP2,,,24728196,protein tyrosine phosphatase
CNBD1090,PUB1,,,19542307,putative polyadenylated mRNA-binding protein
CNBC2900,PUF4,,,16194228,pumilio-family mRNA binding protein
CNBE4850,PUT1,,,23564202,proline oxidase
CNBI1250,PUt2,,,23564202,delta-pyrroline-5-carboxylate
CNBE4860,PUT5,,,23564202,proline oxidase
CNBC3350,PXA2,,,20696827,peroxisomal ATP-binding cassette transporter
CNBC4130,PYK1,,,21652778,pyruvate kinase
CNBE4840,QDR1,,,19542307,MFS multidrug transporter
CNBC2200,RAC1,,,22466042,ras-like gtp-binding protein
CNBM0090,RAC2,,,23748012,rho-GTPase
CNBB1540,RAD17,,,19151325,cell cycle checkpoint protein
CNBA7320,RAD23,,,18854164,putative UV excision repair protein
CNBD3470,RAD54,,,18854164,DNA repair and recombination protein
CNBF2330,RAM1,,,15184578,protein farnesyltransferase subunit beta
CNBA2670,RAS1,,,10792722,G-protein signaling GTPase
CNBJ1560,RAS2,,,11782511,G-protein signaling GTPase
CNBA1140,RCK2,,,18854164,predicted protein kinase
CNBG2150,RDI1,,,18779335,rho gdp-dissociation inhibitor
CNBG3560,RDP1,,,21067947,putative mRNA-dependent RNA polymerase
CNBF3360,RGD1,,,18854164,rho GTPase activating protein (GAP) homolog
CNBG2140,RHO1,,,10455236,GTP-binding protein
CNBG0360,RHO10,,,23159519,rho-type GTPase
CNBF0720,RHO104,,,18854164,rho family GTPase
CNBF2070,RIB4,,,19542307,"6,7-dimethyl-8-ribityllumazine synthase"
CNBL0920,RIM101,,,20174553,C2H2 zinc finger transcription factor
CNBG4510,RIM20,,,20174553,escrt-III-associated proteolytic activator of rim101
CNBB3130,RINT1,,,18854164,Rad50-interacting protein 1 homolog
CNBB0920,RLM1,,,19542307,mads-box transcription factor
CNBD1670,RMD5,,,18854164,putative ubiquitin ligase
CNBH4090,ROM2,,,16194228,rho guanyl-nucleotide exchange factor
CNBM1020,ROM20,,,16194228,rho guanine nucleotide exchange factor
CNBB3940,ROM21,,,16194228,rho guanine nucleotide exchange factor
CNBD1960,RPA32,,,22916030,replication protein
CNBD3660,RPA70,,,22916030,replication protein
CNBD0780,RPB4,,,23659661,mRNA polymerase II subunit
CNBF1870,RPD304,,,18854164,histone deacetylase
CNBL2680,RPH1,,,18854164,histone demethylase
CNBI2800,RPL2,,,23659661,large subunit ribosomal protein
CNBD0480,RPL22alpha,,,12455690,large subunit ribosomal protein L22e
CNBA7390,RPL27,,,23659661,large subunit ribosomal protein L27e
CNBA2090,RPL30,,,17114598,large subunit ribosomal protein L30e
CNBD0680,RPL39alpha,,,12455690,large subunit ribosomal protein L39
CNBA0250,RPL9B,,,17114598,large subunit ribosomal protein L9
CNBA2000,RPN11,,,22719877,26s proteasome lid component
CNBB5010,RPN14,,,21602483,19s proteasome regulatory particle base assembly chaperone
CNBD4250,RPN5,,,21602483,26s proteasome regulatory subunit
CNBD0570,RPO41alpha,,,12455690,"DNA-directed mRNA polymerase, mitochondrial"
CNBD5470,RRP44,,,23966870,exosome complex exonuclease
CNBC3240,RRP6,,,23966870,exosome complex exonuclease
CNBE4010,RSC8,,,19542307,rsc chromatin remodeling complex subunit
CNBL0210,RSP5,,,19749173,e3 ubiquitin-protein ligase
CNBF1140,RTF1,,,18854164,mRNA polymerase-associated protein
CNBC2730,RUB1,,,18854164,ubiquitin-like protein
CNBD0520,RUM1alpha,,,12455690,phd transcription factor
CNBJ1780,SAC6,,,22562467,fimbrin
CNBD5970,SAH1,,,19542307,adenosylhomocysteinase
CNBB2270,SAR1,,,19749173,small copII coat GTPase
CNBN0490,SAS3,,,18854164,histone acetyltransferase
CNBC2840,SAV1,,,17021252,rab family GTPase
CNBN0790,SBH1,,,22412978,ER-protein sec61-beta ortholog
CNBN0340,SCH9,,,19542307,agc family protein kinase
CNBC6310,SCP1,,,17319742,sterol regulatory element-binding protein cleavage-activating protein
CNBG0570,SEC14-1,,,21453402,phosphatidylinositol/phosphatidylcholine transfer protein
CNBA0270,SEC14-2,,,21453402,phosphatidylinositol/phosphatidylcholine transfer protein
CNBJ2310,SEC23,,,19749173,putative GTPase-activating protein
CNBB5410,SEC24,,,19749173,copii vesicle coat protein
CNBK1010,SEC6,,,19210702,exocyst complex component
CNBD2720,SET101,,,18854164,histone-lysine N-methyltransferase
CNBG0940,SET202,,,18854164,histone-lysine N-methyltransferase
CNBF0590,SET302,,,18854164,histone deacetylase complex protein
CNBI1870,SEY1,,,22412978,dynamin-like GTPase
CNBM0870,SFB2,,,19749173,copII vesicle coat protein
CNBE4320,SFH5,,,21453402,phosphatidylinositol transfer protein
CNBN1170,SGF29,,,20581290,putative saga histone acetyltransferase complex component
CNBJ2220,SIN1,,,22339665,target of rapamycin complex 2 subunit
CNBA7890,SIP401,,,18854164,Zn2-Cys6 zinc-finger transcription factor
CNBE0020,SIP402,,,18854164,Zn2-Cys6 zinc-finger transcription factor
CNBA7750,SIT1,,,15720553,siderophore iron transporter
CNBE4530,SIT2,,,19820119,siderochrome-iron transporter
CNBD5860,SKN1,,,20384682,putative glucosidase
CNBG3030,SKN7,,,16041017,response regulator and transcription factor
CNBE3030,SLA2,,,22562467,actin cortical patch component
CNBI2930,SLC1,,,22412978,1-acyl-sn-glycerol-3-phosphate acyltransferase
CNBK1510,SNF2,,,19542307,chromatin remodeling complex ATPase
CNBA6990,SNF5,,,16102007,swi/snf chromatin-remodeling complex subunit
CNBA0400,SNT1,,,18854164,putative set3c deacetylase complex subunit
CNBD4830,SOD1,,,12622821,copper/zinc superoxide dismutase
CNBH1510,SOD2,,,19542307,putative mitochondrial manganese superoxide dismutase
CNBB1670,SOG2,,,16775005,ram signaling network protein
CNBE4020,SOL3,,,19542307,6-phosphogluconolactonase
CNBA1400,SP1,CRZ1,23251520,21487010,zinc finger transcription factor
CNBD0470,SPO14alpha,,,12455690,phospholipase D1
CNBG3010,SPP101,,,18854164,putative compass/set1c complex subunit
CNBF2590,SPR1,,,18854164,glycosyl hydrolase
CNBI3380,SPT3,,,20581290,predicted saga histone acetyltransferase complex component
CNBB2290,SPT7,,,20581290,predicted saga histone acetyltransferase complex component
CNBF0650,SPT8,,,20581290,predicted saga histone acetyltransferase complex component
CNBJ1170,SRE1,,,17462012,sterol regulatory element-binding protein
CNBA6150,SRX1,,,19542307,sulfiredoxin
CNBN1630,SSA1,,,17040492,putative ATPase and ER protein chaperone similar to Kar2
CNBG2420,SSD1,,,16194228,putative translational repressor
CNBB2610,SSK1,,,16672377,two-component system response regulator
CNBI1260,SSK2,,,17951522,ste/ste11/ssk protein kinase
CNBA4060,SSN801,,,21559476,cyclin subunit of mediator subcomplex
CNBA0560,SSS1,,,21602483,sec61 translocation complex protein
CNBF2770,STB4,,,18854164,putative transcription factor
CNBD0630,STE11alpha,,,12455690,"mapkk kinase, ste/ste11 protein kinase"
CNBD0580,STE12alpha,,,12455690,ste-like transcription factor
CNBD0600,STE20alpha,,,12455960,ste/ste20/paka protein kinase
CNBD0590,STE3alpha,,,12455960,a-factor pheromone receptor
CNBC1380,STE50,,,20971202,mapk signaling pathway adaptor protein
CNBB4680,STE6,,,22466042,putative pheromone transporter
CNBC4890,STE7,,,12828643,map kinase kinase
CNBC5310,STL1,,,19542307,putative monosaccharide transporter
CNBF2350,STP1,,,17319742,putative site-2 protease
CNBG0770,SWE1,,,20696827,serine/threonine-protein kinase
CNBD0450,SXI1alpha,,,12464634,alpha cell-type homeodomain transcription factor
CNBK0420,TAF10,,,20581290,C2H2 zinc finger protein
CNBD0050,TAF12,,,20581290,putative TFIID and saga complex component
CNBL0890,TAF5,,,20581290,putative TFIID and saga complex component
CNBE0210,TAF6,,,20581290,putative TFIID and saga complex component
CNBK2490,TAF9,,,20581290,putative TFIID and saga complex component
CNBK0310,TAL1,,,16524907,transaldolase
CNBB4480,TAO3,,,16775005,ram signaling network cell polarity protein
CNBC3870,TCO1,,,16672377,two-component-like sensor kinase
CNBL2360,TCO2,,,16672377,two-component-like sensor kinase
CNBG2500,TCO4,,,16672377,two-component-like sensor kinase
CNBA0940,TCO5,,,16672377,two-component-like sensor kinase
CNBA3270,TCO6,,,16672377,two-component-like sensor kinase
CNBN0140,TCO7,,,16672377,two-component-like sensor kinase
CNBM1160,TEF1,,,9367655,elongation factor 1-alpha
CNBG2010,TIM13,,,20581290,mitochondrial import inner membrane translocase subunit
CNBI2680,TLK1,,,22412978,Tor-like phosphatidylinositol 3 kinase
CNBH1200,TOM1,,,19542307,e3 ubiquitin-protein ligase
CNBH3140,TOP1,,,19542307,DNA topoisomerase 1
CNBF1080,TOR1,,,10330150,Tor protein kinase
CNBF1970,TPM1,,,22562467,tropomyosin
CNBI3400,TPS1,,,16988267,alpha-alpha trehalose-phosphate synthase
CNBB3070,TPS2,,,16988267,trehalose-6-phophate phosphatase
CNBA5920,TRA1,,,20581290,putative saga and nua4 histone acetyltransferase complex subunit
CNBH0530,TRP1,,,1452032,phosphoribosylanthranilate isomerase
CNBF3450,TRR1,,,19542307,thioredoxin reductase
CNBC2990,TRX1,,,16045626,thioredoxin
CNBC6080,TRX2,,,16045626,thioredoxin
CNBG3690,TSA1,,,16524907,thiol peroxidase
CNBG1930,TSR2,,,19542307,pre-rRNA-processing protein
CNBC3950,TUB1,,,9202476,tubulin beta chain
CNBI0180,TUB2,,,9202476,tubulin beta chain
CNBK3260,TUB4,,,19542307,gamma-tubulin
CNBE3820,TUP1,,,19820119,general transcriptional repressor
CNBD0420,UAP1,,,12455690,uric acid xanthine permease
CNBF3850,UBA2,,,21602483,ubiquitin-activating enzyme e1-like
CNBC5240,UBA3,,,22719877,rub1/nedd8 activating enzyme
CNBD5160,UBA4,,,18854164,urm1 activating enzyme
CNBJ2460,UBC12,,,22719877,ubiquitin-conjugating enzyme
CNBD4240,UBC4,,,19542307,ubiquitin conjugating enzyme
CNBF2580,UBC6,,,19542307,ubiquitin-conjugating enzyme
CNBE3270,UBC6-2,,,19542307,ubiquitin conjugating enzyme
CNBF0600,UBC7,,,19542307,ubiquitin-conjugating enzyme
CNBJ3010,UBC8,,,19542307,ubiquitin conjugating enzyme
CNBA3200,UBI1,,,7642124,predicted ubiquitin-ribosomal 60s subunit protein L40a fusion protein
CNBK0920,UBI4,,,7642124,ubiquitin precursor
CNBC5990,UBP10,,,22719877,putative ubiquitin carboxyl-terminal hydrolase
CNBD1450,UBP13,,,22719877,pab-dependent poly(A)-specific ribonuclease subunit
CNBF2040,UBP14,,,18854164,ubiquitin carboxyl-terminal hydrolase;
CNBA1690,UBP16,,,18854164,ubiquitin carboxyl-terminal hydrolase
CNBL2960,UBP5,,,22719877,ubiquitin carboxyl-terminal hydrolase
CNBB2090,UBP7,,,22719877,ubiquitin carboxyl-terminal hydrolase
CNBD5130,UCH2,,,22719877,ubiquitin carboxyl-terminal hydrolase
CNBD2640,UFD4,,,18854164,e3 ubiquitin-protein ligase
CNBI0390,UGD1,,,15590833,UDP-glucose 6-dehydrogenase
CNBA6570,UGE1,,,17462022,UDP-glucose epimerase
CNBM0520,UGE2,,,18820075,UDP-glucose 4-epimerase
CNBI2010,UGT1,,,17462022,putative UDP-galactose transporter
CNBI0310,URA3,,,1573522,orotidine-5'-phosphate decarboxylase
CNBG1020,URA5,,,2201894,orotidine monophosphate pyrophosphorylase
CNBL1900,URE1,,,10639402,urease
CNBD3430,URE2,,,23653445,"protein of unknown function, smc3 ortholog"
CNBD3440,URE4,,,23653445,urease accessory protein
CNBE4770,URE6,,,23653445,urease accessory protein
CNBA6370,URE7,,,23653445,urease accessory protein
CNBG2620,URK1,,,20485569,uridine kinase
CNBI1480,URM1,,,22719877,ubiquitin-related modifier
CNBG1170,UVE1,,,24039606,UV DNA damage endonuclease
CNBG2210,UXS1,,,11593010,UDP-glucuronic acid decarboxylase
CNBC0740,VAD1,,,15765146,virulence associated ATP-dependent mRNA helicase
CNBL0600,VAM6,,,18854164,rab guanyl-nucleotide exchange factor
CNBA0170,VCX1,,,20889719,vacuolar calcium exchanger
CNBD4040,VPH1,,,11737651,vacuolar-ATPase subunit
CNBA5300,VPS1,,,19542307,dynamin GTPase
CNBA4720,VPS17,,,19542307,membrane-associated retromer complex subunit
CNBC4980,VPS23,,,23132495,predicted escrt-I complex protein
CNBJ0610,VPS25,,,18854164,escrt-II complex subunit
CNBH0440,VPS4,,,19542307,AAA-ATPase
CNBH2420,VPS41,,,16879414,vacuolar protein sorting-associated protein
CNBE5050,WSP1,,,21357479,Wiskott-Aldrich syndrome protein (wasp) homolog
CNBK3360,XFP2,,,24659577,xylulose 5-phosphate/fructose 6-phosphate phosphoketolase
CNBF2890,XRN2,,,25267175,5'-3' exoribonuclease
CNBC5960,YAP4,,,16045626,bZip transcription factor
CNBB4330,YKU80,,,18854164,ATP-dependent DNA helicase
CNBF1120,YOP1,,,22731401,membrane trafficking and ER morphology protein
CNBG3890,YOR1,,,19542307,ATP-binding cassette transporter
CNBG1320,YOX101,,,18854164,homeobox transcriptional repressor
CNBM1390,YPD1,,,16672377,"histidine kinase two-component system, phosphorelay intermediate protein"
CNBJ2370,YPK1,,,22339665,protein kinase
CNBE0780,YRM101,,,18854164,putative transcription factor
CNBB0070,YRM103,,,18854164,putative transcription factor
CNBC1230,YSA1,,,25361768,ADP-ribose pyrophosphatase
CNBH1860,ZAP103,,,18854164,putative zinc finger transcription factor
CNBL0570,ZAP104,ZAP1,22916306,18854164,putative zinc finger transcription factor
CNBF2830,ZDS3,,,21726407,zds-like protein
CNBD5880,ZIP1,,,22916306,zinc ion transporter
CNBG2930,ZIP2,,,22916306,zinc ion transporter
CNBE3200,ZIP3,,,22916306,zinc ion transporter
CNBG2610,ZNF2,,,20485569,C2-H2 zinc-finger transcription factor
CNBG1480,ZWF1,,,20400467,glucose-6-phosphate dehydrogenase
CNBM0410,,,,20384682,putative beta-glucan synthase
CNBB1210,,,,22562467,f-actin-capping protein subunit alpha
CNBB1850,,,,22562467,f-actin-capping protein subunit beta
